Gene,Cluster,Assigned Tissue
FOXD2.1,1,SL
ESM1,1,SL
SERB,1,SL
ETV5,1,SL
CRIM1,1,SL
BTBD6,1,SL
EPHB2,1,SL
MC6ZA,1,SL
DTNA,1,SL
RAC3,1,SL
SMD1,1,SL
MYCN.1,1,SL
PTC1,1,SL
PTC1.1,1,SL
FOXL1.1,1,SL
KPYM,1,SL
NEP,1,SL
NEP.1,1,SL
FUBP1,1,SL
EGFL8,1,SL
ARH,1,SL
PAX9,1,SL
PGAM2,1,SL
SMAD6,1,SL
CNTFR,1,SL
HNRPL,1,SL
LAMC3.1,1,SL
MYCBP,1,SL
CYYR1,1,SL
ISL1,1,SL
FHDC1,1,SL
FXI1C,1,SL
SOX9,1,SL
PSIP1,1,SL
DNMT1,1,SL
SOX3,1,SL
NCKX2,1,SL
SX21B,1,SL
ASPH,1,SL
PACN3,1,SL
PLTP,1,SL
TMEM9,1,SL
41,1,SL
EGFL6,1,SL
KHDR1,1,SL
NNMT,1,SL
SDK2,1,SL
NKD1,1,SL
FGF3,1,SL
TUTLA,1,SL
SET.1,1,SL
TGIF2,1,SL
LYPD6,1,SL
GHC2,1,SL
ADCY8,1,SL
VEGFA.1,1,SL
FBLN1,1,SL
TP4A1,1,SL
SHH,1,SL
NUDT4,1,SL
PA2G3.1,1,SL
P3C2A,1,SL
RAN,1,SL
RSLBB,1,SL
LAMA2,1,SL
LAMA5,1,SL
SAPC2.2,1,SL
FZD8,1,SL
RASF9,1,SL
PORED,1,SL
SPY4,1,SL
S6A15,1,SL
CDT1,1,SL
PDGFA.1,1,SL
KTHY,1,SL
THS7A,1,SL
FGF20,1,SL
MMP11,1,SL
LARG1,1,SL
MBPHL,1,SL
FOXL1,1,SL
ZO1,1,SL
ILEU.1,1,SL
RGAP1,1,SL
HHIP,1,SL
ASCL5,1,SL
PITX1,1,SL
WFKN2,1,SL
STMN1,1,SL
MYCN.2,1,SL
E41LA,1,SL
APT,1,SL
RFC3,1,SL
SC6A8.1,1,SL
PLVAP,1,SL
OBSL1.2,1,SL
XCT.1,1,SL
NR0B1,1,SL
FOXF2,1,SL
HMGN1,1,SL
FREM2,1,SL
CXA4,1,SL
CALC,1,SL
DNJC9,1,SL
TSN7.1,1,SL
BZW2,1,SL
SIA4C,1,SL
LAMC3,1,SL
PGK,1,SL
HEY2,1,SL
KALM,1,SL
ETS1A,1,SL
MCM7A,1,SL
MARCS,1,SL
EIF3E,1,SL
MAML3,1,SL
ROBO1,1,SL
VAV,1,SL
RPGFL,1,SL
ANK1.1,2,SL
ODF3A,2,SL
LAMC1.1,2,SL
TBX22,2,SL
DRS7C,2,SL
LYAM3,2,SL
CAC1S.1,2,SL
MYOZ2.1,2,SL
FXD3A,2,SL
SOAT,2,SL
PRVA.1,2,SL
TGM2.3,2,SL
CCG1,2,SL
G3P,2,SL
VGFR1,2,SL
MYCD.1,2,SL
RGS5,2,SL
UN45B,2,SL
COIA1,2,SL
PGM5,2,SL
CRDL1,2,SL
HHATL,2,SL
RAMP1.1,2,SL
AT1B4,2,SL
HSPB1,2,SL
NCAM1.1,2,SL
BTBBA,2,SL
CRYAB,2,SL
AHNK.2,2,SL
HSPB8,2,SL
NEBU,2,SL
PPM1K.1,2,SL
COE3.1,2,SL
CCDC3,2,SL
SX17A,2,SL
TFPI2,2,SL
VGFR2,2,SL
PLPP3,2,SL
MLRS,2,SL
PRVA,2,SL
TNNI2,2,SL
KCNA2,2,SL
RYR1.3,2,SL
RYR3.1,2,SL
SOX10,2,SL
F167A.1,2,SL
S17AB,2,SL
S47A1,2,SL
G3ST1,2,SL
ZP3,2,SL
ADT1,2,SL
TICN3,2,SL
RENI,2,SL
GRM7,2,SL
CAV2.1,2,SL
TBX15,2,SL
ACTN3,2,SL
EF1A2,2,SL
BHMT1,2,SL
TIE2,2,SL
CGT,2,SL
MYOZ1,2,SL
KLH41,2,SL
MYH4.2,2,SL
KCRM.2,2,SL
DS13B,2,SL
TITIN.1,2,SL
LDB3,2,SL
TNNT3.1,2,SL
LGI1,2,SL
TXLNB,2,SL
MYPC1,2,SL
SMYD1,2,SL
AT2A1,2,SL
TM182.1,2,SL
NDKA,2,SL
MPSF,2,SL
SFRP3,2,SL
MYH4.1,2,SL
KANK1,2,SL
SGCG,2,SL
GLDN,2,SL
SRCA,2,SL
TIE2.1,2,SL
CD151,2,SL
EST2E,2,SL
ADIPO,2,SL
SBSPO,2,SL
ACTM,2,SL
TPM1.1,2,SL
TPM3.1,2,SL
MYCT1,2,SL
TECR,2,SL
CASQ1,2,SL
TMOD4,2,SL
PPR1C,2,SL
OBSCN,2,SL
C1T9A,2,SL
PYGM,2,SL
DUPD1,2,SL
DAF2,2,SL
NELL1,2,SL
AGRE1.2,2,SL
ENOB,2,SL
ACTC.1,2,SL
DMA,2,SL
NRX1A,2,SL
NAR5,2,SL
SC6A1,2,SL
MAG.3,2,SL
MYOM2,2,SL
RL3,2,SL
MYL1,2,SL
MOXD1,3,SL
SAMC,3,SL
FOXD1,3,SL
LAP2B.1,3,SL
CO7,3,SL
ST2B1,3,SL
FA8.2,3,SL
NIT2,3,SL
CELF2,3,SL
AUHM,3,SL
PP14A,3,SL
SYT1.3,3,SL
GREM1.1,3,SL
FXYD6,3,SL
NLK,3,SL
SH3BG,3,SL
RS27,3,SL
RS5,3,SL
MKRN1,3,SL
RUXF,3,SL
YES,3,SL
TM38A,3,SL
FBLN3,3,SL
CALRL,3,SL
SOX2,3,SL
SX18A,3,SL
C1QC,3,SL
IGSF1.1,3,SL
NDUC1,3,SL
TOX,3,SL
ICT1,3,SL
KCNS2,3,SL
EPAS1,3,SL
LDHA.1,3,SL
C1QA,3,SL
GEMI,3,SL
STC1,3,SL
HAT1,3,SL
CAV1.1,3,SL
ALKL2,3,SL
AT1A2,3,SL
EIF3I,3,SL
SASB,3,SL
ADML.1,3,SL
LIPH,3,SL
ADA2C.1,3,SL
CP26A,3,SL
ENPP2,3,SL
CP1A1,3,SL
CALCB,3,SL
TEN2,3,SL
COT2,3,SL
FBLN5,3,SL
S27A6,3,SL
KI21A,3,SL
RDH10,3,SL
CYTM1,3,SL
LGR6,3,SL
LRIG3,3,SL
TPA,3,SL
SLBP,3,SL
FHL2,3,SL
PLEC.2,3,SL
IL8.2,3,SL
MBP.1,3,SL
MYH16,3,SL
COL10,3,SL
HAAF,3,SL
FOXL2.1,3,SL
PDE7B,3,SL
CO6,3,SL
LARP4,3,SL
TLE1,3,SL
ENDD1.2,3,SL
RPGP1,3,SL
MMEL1,3,SL
GATA2,4,BHTB
P2RX4,4,BHTB
SOX7,4,BHTB
TWST2,4,BHTB
NLRC3.6,4,BHTB
P2RX1,4,BHTB
MYB,4,BHTB
HXA2.2,4,BHTB
CORO6,4,BHTB
PLSI,4,BHTB
TCB.2,4,BHTB
HSPB7,4,BHTB
HPGDS,4,BHTB
LAMB4,4,BHTB
CAH13.1,4,BHTB
COTL1,4,BHTB
LIN1.88,4,BHTB
MED19,4,BHTB
A33.22,4,BHTB
CCKAR.1,4,BHTB
ANO7,4,BHTB
VATG3,4,BHTB
CNFNA,4,BHTB
PLPP3.1,4,BHTB
CLD1,4,BHTB
PTN6,4,BHTB
CATH,4,BHTB
GCM1,4,BHTB
KPCA,4,BHTB
KPCA.1,4,BHTB
IGG2A,4,BHTB
ABR,4,BHTB
LYN,4,BHTB
HCK.1,4,BHTB
GRAK.5,4,BHTB
A33.35,4,BHTB
K1324,4,BHTB
FR1L6,4,BHTB
HBA,4,BHTB
CKLF8,4,BHTB
LECA.2,4,BHTB
AGRL3,4,BHTB
INSI1,4,BHTB
STXB6,4,BHTB
NOTC1.1,4,BHTB
RAC1,4,BHTB
HCD2,4,BHTB
SPS1,4,BHTB
IGL1.2,4,BHTB
GRAK,4,BHTB
CERS6.1,4,BHTB
ETHE1,4,BHTB
ADSV.1,4,BHTB
RBTN1,4,BHTB
S35F3,4,BHTB
RBP,4,BHTB
A33.29,4,BHTB
KGUA,4,BHTB
HBB,4,BHTB
QSOX1,4,BHTB
TCB,4,BHTB
EFC4B,4,BHTB
CHST5,4,BHTB
FCERG,4,BHTB
HMX2,4,BHTB
HES1B,4,BHTB
DHSO,4,BHTB
AGRG6.1,4,BHTB
FXA1A,4,BHTB
CCL19,4,BHTB
SEM3A.2,4,BHTB
AQP3.1,4,BHTB
MRPA,4,BHTB
PSD3.1,4,BHTB
DMRT2,4,BHTB
TFR2,4,BHTB
CCD22,4,BHTB
UROM.1,4,BHTB
TRXR3,4,BHTB
WDR18,4,BHTB
PCAT2,4,BHTB
MLKL.1,4,BHTB
KV13,4,BHTB
GRK5.1,4,BHTB
SPIB,4,BHTB
FGFR3.1,4,BHTB
ALG12,4,BHTB
FFAR2,4,BHTB
TRPV3,4,BHTB
S3TC1,4,BHTB
CD22,4,BHTB
RARB,4,BHTB
PEAMT,4,BHTB
PK3CG.2,4,BHTB
SAP.1,4,BHTB
PTPRC,4,BHTB
K1C18,4,BHTB
RPGF3,4,BHTB
TRAR1,4,BHTB
HXA3,4,BHTB
PAX1,4,BHTB
PLSL,4,BHTB
S22AV,4,BHTB
CCL11,4,BHTB
TNIP1,4,BHTB
RN166,4,BHTB
CAPS1,4,BHTB
TO4AA,4,BHTB
HPRT,4,BHTB
NUCKS,4,BHTB
GRAP,4,BHTB
ADIPO.1,4,BHTB
PERT.1,4,BHTB
PODN.1,4,BHTB
HECA2.6,4,BHTB
ONCO,4,BHTB
PRDX1,4,BHTB
PCD10.10,4,BHTB
HARB1.14,4,BHTB
FXI1E,4,BHTB
PO2F3,5,BHTB
AP1M,5,BHTB
AGRF5.3,5,BHTB
NFIP1,5,BHTB
SPAS2,5,BHTB
CT027,5,BHTB
SLIK6,5,BHTB
ANR22,5,BHTB
IF44L,5,BHTB
TECTA.5,5,BHTB
B2MG,5,BHTB
SEGN,5,BHTB
STXB,5,BHTB
AGRF5,5,BHTB
GTR11,5,BHTB
INS1B,5,BHTB
YAF2,5,BHTB
OVOL1,5,BHTB
NPAL2,5,BHTB
MYO15,5,BHTB
M4K3,5,BHTB
TRPM5,5,BHTB
PRDX3,5,BHTB
EPN2,5,BHTB
CLTR2,5,BHTB
CMGA.1,5,BHTB
AGRF5.1,5,BHTB
DMBT1,5,BHTB
MUC17,5,BHTB
BDNF,5,BHTB
RAB7A,5,BHTB
EFC4A,5,BHTB
PLCB2,5,BHTB
PLCB2.1,5,BHTB
FRG1,5,BHTB
GPC6A.4,5,BHTB
GARE1.1,5,BHTB
TS1R1.1,5,BHTB
MYO9A,5,BHTB
KOZA,5,BHTB
ETV7,5,BHTB
AASS,5,BHTB
GILT,5,BHTB
CLAT,5,BHTB
MAOX,5,BHTB
UQCC2,5,BHTB
F167A,5,BHTB
LORF2.342,5,BHTB
CYTN,5,BHTB
OSBL1,5,BHTB
TM117,5,BHTB
PHLB3,5,BHTB
TBCD9,5,BHTB
TTPA,5,BHTB
ARF3.1,5,BHTB
S2540,5,BHTB
BI1,5,BHTB
CIRBP.3,5,BHTB
SYPL2,5,BHTB
ENTP8,5,BHTB
MUC2.1,5,BHTB
DUOX2,5,BHTB
OCAD2,5,BHTB
KAD2,5,BHTB
ARCH,5,BHTB
SOX13,5,BHTB
LECA.1,5,BHTB
TTL12,5,BHTB
TRI58,5,BHTB
KAPCA,5,BHTB
LORF2.311,5,BHTB
MUC19.6,5,BHTB
FCGBP,5,BHTB
S6A14,5,BHTB
AGRF3,5,BHTB
H33.1,5,BHTB
KCNC4,5,BHTB
LX15B,5,BHTB
PTPRF,5,BHTB
HA1F,5,BHTB
SNXAA,5,BHTB
MIC26,5,BHTB
CHM1A,5,BHTB
PUR8,5,BHTB
CK024,5,BHTB
NR3L1.4,5,BHTB
POP1,5,BHTB
GNS,5,BHTB
UBP43,5,BHTB
TSN8,5,BHTB
PPR3B,5,BHTB
TS1R1,5,BHTB
BCAP.1,5,BHTB
GBRAP,5,BHTB
C1QT1,5,BHTB
BAP29,5,BHTB
TM50B,5,BHTB
MLP3A,5,BHTB
GRM2B,5,BHTB
A33.30,5,BHTB
UPK3A,5,BHTB
PCDH1,5,BHTB
OPN3,5,BHTB
GP2,5,BHTB
IBP7,5,BHTB
ZN503,5,BHTB
FOXE1,5,BHTB
PNRC1,5,BHTB
GSTP1.1,5,BHTB
CAM2B,5,BHTB
HMX3,5,BHTB
BLNK.1,5,BHTB
TBX1,5,BHTB
GRIN1,5,BHTB
THA2,5,BHTB
CP1B1.1,5,BHTB
PLCB4,5,BHTB
FOXA2,5,BHTB
PK1L2.2,5,BHTB
TMPS6.2,5,BHTB
TS1R3,5,BHTB
G6PI,5,BHTB
KLF5.1,5,BHTB
DCE1,5,BHTB
TBA3,5,BHTB
KLF5,5,BHTB
BCAP,5,BHTB
B4GT1,5,BHTB
RN223.1,5,BHTB
ITLN1,5,BHTB
TACC2,5,BHTB
MUC1,5,BHTB
ANKE1,5,BHTB
SKA2A,5,BHTB
GSTP1,5,BHTB
LECA.3,5,BHTB
HB2D.1,5,BHTB
RHBGA,5,BHTB
BC11A,5,BHTB
SC6A4,5,BHTB
RHG27,5,BHTB
LHPP,5,BHTB
CBPA1,5,BHTB
TRPV3.1,5,BHTB
BC11A.1,5,BHTB
PPA5,5,BHTB
MTFP1,5,BHTB
AGR3.1,5,BHTB
FEL,5,BHTB
FBLN2.1,5,BHTB
LPAR6,5,BHTB
P2RY4,5,BHTB
GBP1.3,5,BHTB
RGMA,5,BHTB
A33.7,5,BHTB
RASEF,5,BHTB
GPR39,5,BHTB
DMTA2,5,BHTB
HOGA1,5,BHTB
RAPA,5,BHTB
MYT1.1,5,BHTB
MRP3,5,BHTB
YB3,5,BHTB
VATF,5,BHTB
CBPB1.1,5,BHTB
UH1BL,5,BHTB
RGS2,5,BHTB
VIPR2,5,BHTB
UPAR.5,5,BHTB
RAB3I,5,BHTB
ST6B1,5,BHTB
KALRN,5,BHTB
SYTL2,5,BHTB
RGS5.1,5,BHTB
NIPS2,5,BHTB
NEC2,5,BHTB
CLCKB,5,BHTB
CRP,5,BHTB
ARRD1,5,BHTB
S2533,5,BHTB
CAPZB,5,BHTB
PSB2,5,BHTB
HYAL.2,5,BHTB
DDC,5,BHTB
ACHA9,5,BHTB
STIM2,5,BHTB
ESPN.1,5,BHTB
SYNJ2,5,BHTB
CDHR3.1,5,BHTB
AL7A1,5,BHTB
CLIP2.2,5,BHTB
RGS21,5,BHTB
LITD1.10,5,BHTB
MEAK7,5,BHTB
A33,5,BHTB
ELOA1,5,BHTB
TEDM1,5,BHTB
TSTD1,5,BHTB
MTSS1,5,BHTB
ITPR3,5,BHTB
PPCE,5,BHTB
ILEU,5,BHTB
TPH,5,BHTB
GSTT1.1,5,BHTB
LOX5.1,5,BHTB
AARD,5,BHTB
GBB3,5,BHTB
VWA7,5,BHTB
DNJB1,5,BHTB
LECA,5,BHTB
PI51B,5,BHTB
HES4B,5,BHTB
MB214,5,BHTB
LGUL,5,BHTB
MEIS1,5,BHTB
MEIS2.1,5,BHTB
DIRA2,5,BHTB
CIRBP.4,5,BHTB
K0513,5,BHTB
AVIL,5,BHTB
PSA1,5,BHTB
HERC6,5,BHTB
BTK,5,BHTB
GSAP,5,BHTB
CK053,5,BHTB
HA2D,5,BHTB
RGS3,5,BHTB
ACOT4,5,BHTB
FA83G,5,BHTB
SODC,5,BHTB
FUCM,5,BHTB
UROM.2,5,BHTB
PGDH.1,5,BHTB
PFKAP,5,BHTB
GSH1,5,BHTB
BIVM,6,ET
AGRA3.1,6,ET
S6A20.1,6,ET
SULF1,6,ET
FOXD2,6,ET
ROA2,6,ET
DSA2B.1,6,ET
BNIP3.1,6,ET
VWA2,6,ET
WN10A,6,ET
EPHA7,6,ET
EFCC1,6,ET
VWC2L,6,ET
RTJK.7,6,ET
HAUS4,6,ET
MEX3B,6,ET
ARHG2,6,ET
VASH1,6,ET
SIAT1,6,ET
R3HC1,6,ET
UD2A1,6,ET
S4A11,6,ET
SRTD4,6,ET
STRA6,6,ET
LOX5.3,6,ET
AL1A2,6,ET
CAN5,6,ET
TBX18,6,ET
SNAI2,6,ET
NDNF.2,6,ET
GP161,6,ET
LRC4B,6,ET
CPED1,6,ET
DMBT1.1,6,ET
FGFR1,6,ET
NICN1,6,ET
TM145,6,ET
AGRE1.5,6,ET
GLCNE,6,ET
THSD1,6,ET
PAQR3,6,ET
TSN33,6,ET
CBY1,6,ET
GDIR2,6,ET
SOX4,6,ET
FARP1,6,ET
FCF1,6,ET
T150A,6,ET
PLAT3.1,6,ET
ANF1,6,ET
CO7A1,6,ET
TSP4,6,ET
SYTL4,6,ET
WNT3,6,ET
SEM4C,6,ET
SARDH,6,ET
DREB,6,ET
TBB4B.5,6,ET
NFIL3,6,ET
NPNT,6,ET
ARI5B.3,6,ET
CIRBP.2,6,ET
FGF10,6,ET
IKBB,6,ET
FGRL1,6,ET
MSH4,6,ET
FREM1.4,6,ET
KLC2,6,ET
LIN1.40,6,ET
CYB5,6,ET
NUA4L,6,ET
SHIP2,6,ET
SCUB1,6,ET
EPHB1,6,ET
LORF2.167,6,ET
NDST1,6,ET
T132C,6,ET
NUD15,6,ET
BAT1,6,ET
VGP.1,6,ET
NXPE3,6,ET
PSD13.1,6,ET
TGFB3,6,ET
SPY2,6,ET
RHOU,6,ET
5NT1A,6,ET
WFDC3,6,ET
SH3R3,6,ET
RSRC1,6,ET
EFHC1,6,ET
ALK,6,ET
LAMA1,6,ET
RT25,6,ET
PIPNA,6,ET
TECTA.1,6,ET
RTBS.16,6,ET
T132A,6,ET
FRM4A.1,6,ET
AXIN2,6,ET
RSPO2,6,ET
ATN1,6,ET
SUCB1,6,ET
AGRL2,6,ET
ZN423,6,ET
MSI1H,6,ET
SSXT,6,ET
GLYC,6,ET
LAT4,6,ET
ROBO1.1,6,ET
ATS18,6,ET
NHRF2,6,ET
GLI2,6,ET
HS12A,6,ET
CD248,6,ET
SWET1,6,ET
RBM38.1,6,ET
PA1B2.1,6,ET
HTF4.2,6,ET
NISCH,6,ET
PDLI4,6,ET
AMPE,6,ET
CLK1,6,ET
MF14A,6,ET
POL.2,6,ET
AATC.1,6,ET
AGFG1.1,6,ET
RAMP1,6,ET
WN10B,6,ET
EDNRA,6,ET
SOX12,6,ET
SPINZ,6,ET
GORS2.1,6,ET
CABL1,6,ET
YG31B.6,6,ET
KAP1,6,ET
ATS8,6,ET
KREM2,6,ET
FZD9,6,ET
DUS6,6,ET
MARC1,6,ET
WIF1,6,ET
MTCL1,6,ET
C1QR1,6,ET
EGFLA,6,ET
GFRA2,7,SL
THIO,7,SL
INK1A,7,SL
NUDC,7,SL
TCPB,7,SL
GSTA.1,7,SL
NXNL2,7,SL
TAGL,7,SL
TRBM,7,SL
FOG2.3,7,SL
KCP,7,SL
NOTUM,7,SL
EXT1,7,SL
CLIC6,7,SL
EFC10,7,SL
OFUT2,7,SL
PCLI1,7,SL
LBX1,7,SL
CBARP,7,SL
AQP1,7,SL
PDGFB,7,SL
APJA,7,SL
COF2.2,7,SL
CO4A2,7,SL
CO4A1.1,7,SL
FUT8,7,SL
CADH5,7,SL
TCIM,7,SL
IBP3,7,SL
FOXC2,7,SL
ARF2,7,SL
SMOC1.1,7,SL
NID1,7,SL
LAT2,7,SL
IF2B2,7,SL
EMID1,7,SL
TBKB1,7,SL
FYN.1,7,SL
TCPA,7,SL
NDK,7,SL
STX2,7,SL
SVIL.1,7,SL
SNF5.1,7,SL
ACTB.2,7,SL
PA2G4,7,SL
OLFL3,7,SL
TEX9,7,SL
AS3MT,7,SL
DEGS1,7,SL
ANGL4,7,SL
CAHM5,7,SL
SPTB2,7,SL
SH3L3,7,SL
DDIT4,7,SL
ID4,7,SL
LRP11,7,SL
CBLN1,7,SL
HNRPR,7,SL
SEM3A,7,SL
NPNT.1,7,SL
AT2L2,7,SL
T7L1A,7,SL
TBB4B.4,7,SL
HS3S1,7,SL
Z585A,7,SL
RM20,7,SL
A2MG,7,SL
M4A15.1,7,SL
SIA4B,7,SL
FLNC,7,SL
RUVB1,7,SL
DPOE4,7,SL
PPIA,7,SL
AGRL4,7,SL
LHPL6,7,SL
NS1BP,7,SL
GAS6,7,SL
MGP,7,SL
SRSF4.1,7,SL
SORCN,7,SL
GDAP1,7,SL
MBIP1,7,SL
RET4,7,SL
KALM.1,7,SL
FGF9,7,SL
PMP22,7,SL
FRAS1,7,SL
KCTD1,7,SL
RL3.1,7,SL
CHKA,7,SL
SFRP5,7,SL
DPEP1,7,SL
ARHG3,7,SL
LAMB1.1,7,SL
MSTO1,7,SL
HNRPL.1,7,SL
PROF2,7,SL
CD81,7,SL
EPHA3,7,SL
ACE,7,SL
A4,7,SL
ACTG,7,SL
AEBP1,7,SL
MXRA7,7,SL
MAF,7,SL
VWA1,7,SL
RSMB,7,SL
NP1L1.4,7,SL
RGCC,7,SL
SVEP1.2,7,SL
CAC1H.1,7,SL
RGL1,7,SL
DJC27,7,SL
CA3A1,7,SL
RT15,7,SL
RL15.1,8,SL
EIF3F,8,SL
SATB1,8,SL
NUCL,8,SL
IGK,8,SL
SRS12,8,SL
RND3,8,SL
FXC1A,8,SL
EDNRB,8,SL
CTBP1,8,SL
TGT,8,SL
ISM1,8,SL
LMNB1,8,SL
TIM22,8,SL
MCM4,8,SL
HNRPK,8,SL
NCAM1,8,SL
TINAL,8,SL
CHAD,8,SL
KCMB3,8,SL
RAIN,8,SL
TWSG1,8,SL
ACTN1,8,SL
EIF3K,8,SL
B4GT3.1,8,SL
MYO1B.1,8,SL
MMRN1,8,SL
ADCY5.1,8,SL
COMTB,8,SL
COF2.1,8,SL
RBPS2,8,SL
AKAP8,8,SL
COEA1.1,8,SL
TBC15,8,SL
HIC1,8,SL
PI3R4,8,SL
ZN135.3,8,SL
PIM3,8,SL
RBM3,8,SL
WNT11,8,SL
REEP6,8,SL
COEA1,8,SL
PBMU2.16,8,SL
SPY1,8,SL
MET24,8,SL
PLAT3,8,SL
VWCE,8,SL
FIL1L.1,8,SL
OSR2B,8,SL
FBXW7.1,8,SL
IBP4,8,SL
MCM2,8,SL
NDRG2,8,SL
P4HA3,9,BHTB
PLPP2,9,BHTB
SEM3F.1,9,BHTB
FREM1,9,BHTB
SPON2,9,BHTB
FHL1,9,BHTB
CNDP2.1,9,BHTB
TYBB,9,BHTB
C1QB,9,BHTB
ACTA,9,BHTB
ITB4,9,BHTB
MFAP2,9,BHTB
TPPP3,9,BHTB
F13A,9,BHTB
P5I11,9,BHTB
SYNP2,9,BHTB
OLFL1,9,BHTB
LOXL1,9,BHTB
LITAF,9,BHTB
CSDE1,9,BHTB
CO1A2,9,BHTB
ROST,9,BHTB
LMOD1,9,BHTB
GDE1,9,BHTB
P3F1B,9,BHTB
OSR1,9,BHTB
ADA1B,9,BHTB
ICAM5,9,BHTB
M4A15,9,BHTB
PR3CB,9,BHTB
TNF13,9,BHTB
FGL2,9,BHTB
CNFN.1,9,BHTB
ITB1B,9,BHTB
ITB1.1,9,BHTB
LIPO,9,BHTB
RAB19,10,BHTB
DRB4,10,BHTB
E2AK2,10,BHTB
TGM2.4,10,BHTB
DYR.1,10,BHTB
LORF2.78,10,BHTB
GBRL2,10,BHTB
WBP2,10,BHTB
TTC38,10,BHTB
TNIK,10,BHTB
MUC2,10,BHTB
MUC19,10,BHTB
RASF6,10,BHTB
AOFA.1,10,BHTB
PERE.1,10,BHTB
PSA6.1,10,BHTB
NAKD2,10,BHTB
ZN214.81,10,BHTB
AGFG1,10,BHTB
CP2J6,10,BHTB
FUCL5.1,10,BHTB
FGL1L.1,10,BHTB
STK38,10,BHTB
NLRX1,10,BHTB
TXB1B,10,BHTB
A33.20,10,BHTB
S40A1.2,10,BHTB
CKLF,10,BHTB
PDC10,10,BHTB
RASL2,10,BHTB
SCRB2.1,10,BHTB
PSB9,10,BHTB
SYTL2.1,10,BHTB
STXB5,10,BHTB
UBE2N.1,10,BHTB
PPCT,10,BHTB
PSB8,10,BHTB
A33.40,10,BHTB
MAGI3,10,BHTB
HISAT.1,10,BHTB
AKAP9.2,10,BHTB
NSD2,10,BHTB
TRI29,10,BHTB
TAB3,10,BHTB
FGD3,10,BHTB
MUC5B,10,BHTB
DHI2,10,BHTB
SAM9L.2,10,BHTB
DHX58,10,BHTB
OAT,10,BHTB
DI3L2,10,BHTB
A33.15,10,BHTB
TOIP2.1,10,BHTB
TPSNR,10,BHTB
PKHB2,10,BHTB
DTX3,10,BHTB
HMR1.7,10,BHTB
GSTA4,10,BHTB
ARRD3,10,BHTB
SOD6,10,BHTB
AL9A1,10,BHTB
SKP1,10,BHTB
CCD91,10,BHTB
SLAF7,10,BHTB
ABCB6,10,BHTB
IL3RB,10,BHTB
CPLX2,10,BHTB
CAD26,10,BHTB
IFI6,10,BHTB
APEH,10,BHTB
PKHF1,10,BHTB
NKAPL,10,BHTB
ESIP1,10,BHTB
ERN1,10,BHTB
TM238.1,10,BHTB
CD83,10,BHTB
GA45G,10,BHTB
NMI,10,BHTB
BACE2,10,BHTB
B4GT4,10,BHTB
HB2D,10,BHTB
TBK1.1,10,BHTB
NLTP,10,BHTB
TCB.1,10,BHTB
ZA2G,10,BHTB
THY1,10,BHTB
ELF5,10,BHTB
DDX4,10,BHTB
ORAI2,10,BHTB
DNPEP,10,BHTB
CBR1,10,BHTB
C1GLT,10,BHTB
CIA2A,10,BHTB
HMR1.1,10,BHTB
EHF,10,BHTB
ECM1,10,BHTB
A33.43,10,BHTB
CLTR1.1,10,BHTB
ACOC,10,BHTB
PRPS2,10,BHTB
CATL1.4,10,BHTB
HA2B,10,BHTB
S14L5,10,BHTB
MET27.2,10,BHTB
PP14B,10,BHTB
TRI39.1,10,BHTB
HGNAT,10,BHTB
TECTA.4,10,BHTB
KPCA.2,10,BHTB
TF29.4,10,BHTB
TNAP2.1,10,BHTB
TBA.2,10,BHTB
HG2A,10,BHTB
NAGS,10,BHTB
MIB2,10,BHTB
ITLN1.1,10,BHTB
BORG1.2,10,BHTB
ARH37,10,BHTB
TM86A,10,BHTB
CC151,10,BHTB
MSRA,10,BHTB
UGDH.1,10,BHTB
IIGP5.4,10,BHTB
NMNA1,10,BHTB
FGL1L,10,BHTB
KCTD5,10,BHTB
SEP8B.1,10,BHTB
PSME2,10,BHTB
MUC19.3,10,BHTB
PAR14.2,10,BHTB
SNX22,10,BHTB
HMR1.2,10,BHTB
PAR12.1,10,BHTB
UGPA,10,BHTB
PSB7.1,10,BHTB
MUC5B.1,10,BHTB
AGAL,10,BHTB
STAT2,10,BHTB
P4K2B,10,BHTB
HYKK,10,BHTB
ACSA,10,BHTB
ST3A1,10,BHTB
GPC6A.2,10,BHTB
E41LB,10,BHTB
CB069,10,BHTB
STRP2,10,BHTB
ERH,10,BHTB
CC038.1,10,BHTB
PNCB,10,BHTB
NHRF1,10,BHTB
FANCL,10,BHTB
A33.38,10,BHTB
ITPK1.1,10,BHTB
ARRD4,10,BHTB
FADD,10,BHTB
MYOC,11,ET
B3GA1,11,ET
PITX3,11,ET
BMPR2,11,ET
CCD18,11,ET
LFNG,11,ET
LMTK1,11,ET
TR19L,11,ET
JUPI2,11,ET
UBP14,11,ET
NR13,11,ET
TBX3,11,ET
INHBA,11,ET
ABCD3,11,ET
SP6,11,ET
TCPH,11,ET
NRSN1,11,ET
LEF1,11,ET
CEPT1,11,ET
SMCA4,11,ET
EVA1C,11,ET
ID1,11,ET
HACD3,11,ET
PLOD2,11,ET
HOME2,11,ET
TRPM7,11,ET
S4A4.1,11,ET
CXG1.1,11,ET
LIPE.1,11,ET
DYN3,11,ET
TBB,11,ET
E41L5,11,ET
PITX2,11,ET
PITX3.1,11,ET
PLXB1,11,ET
NEUV,11,ET
SERA,11,ET
BPI,11,ET
EM55,11,ET
SMAD1.1,11,ET
IHH,11,ET
DYL2,11,ET
SNX24,11,ET
RAB34,11,ET
CEIP2,11,ET
PORIM,11,ET
TSN,11,ET
RANG,11,ET
UBP54,11,ET
MEG10.1,11,ET
SGK1,11,ET
CL029,11,ET
SESD1,11,ET
SEM3D,11,ET
S13A4,11,ET
PP14C,11,ET
ABCA1.1,11,ET
RT07,11,ET
PTPRB,11,ET
IPYR,11,ET
NED4L,11,ET
IFT74,11,ET
C4BPA.1,11,ET
AT8A2,11,ET
CTNNB1,11,ET
CLPT1,11,ET
SDC3,11,ET
SORCN.1,11,ET
RPGF5,11,ET
CALD1,11,ET
CKLF3,11,ET
GRIP1.1,11,ET
PHTF2,11,ET
CXG1,11,ET
CAH7,11,ET
ENOA,11,ET
SESN1,11,ET
TBA1C,11,ET
CF157,11,ET
INHBB,11,ET
HES2,11,ET
SERC1,11,ET
DACT2,11,ET
TNR19,11,ET
S26A2.1,11,ET
TCPE,11,ET
AT1B1,11,ET
PARN,11,ET
S12A4,11,ET
DOCK7,11,ET
GEMI2,11,ET
S13A2,11,ET
S13A2.1,11,ET
ACAD8,11,ET
TTC14,11,ET
CETN3,11,ET
ACKR4,11,ET
ANXA3,11,ET
MPC2,11,ET
ECE2,11,ET
PSB7,11,ET
CPMD8,11,ET
PARP1,11,ET
EPHA4,11,ET
EPHB3,11,ET
CADM1,11,ET
KCNK5,11,ET
SEPT9.1,11,ET
SPNS2,11,ET
NFIP2,11,ET
KCNJ5,11,ET
GBX2,11,ET
WDR47,11,ET
APLP2,11,ET
DCK.2,11,ET
TIAM2,11,ET
MVD1,11,ET
CH60,11,ET
IBP2,11,ET
PPM1G,11,ET
HMGB1.1,11,ET
FBLN4,11,ET
SPDLY,11,ET
HSDL2,11,ET
UBE4A,11,ET
HEY1.1,11,ET
SRSF4,11,ET
RAP1B,11,ET
NAA20,11,ET
ADML,11,ET
MED24,11,ET
MF14A.1,11,ET
SEM6A,11,ET
CO4A2.1,11,ET
PA2A,11,ET
MAPK5,11,ET
GSKIP,11,ET
CHSTB.1,11,ET
AL14E,11,ET
PUR6,11,ET
CD37,11,ET
PPIC,11,ET
NSUN2,11,ET
U2QL1,11,ET
TMM64,11,ET
SCUB3,11,ET
APCD1.1,11,ET
ARVC,11,ET
SRS11,11,ET
VGLL4.1,11,ET
MYEF2,11,ET
ANGL3,11,ET
PLCD3,11,ET
ID3A,11,ET
SGT1,11,ET
CSPG4,11,ET
DC1I1,11,ET
CA216,11,ET
ANXA6,11,ET
DRC8,11,ET
LEF1.1,11,ET
BMP7.2,11,ET
MYCPP.1,11,ET
PPCE.1,11,ET
PLS2,11,ET
ANR50.1,11,ET
ERG1,11,ET
HELB,11,ET
MTAP2.1,11,ET
MACF1.4,11,ET
KCJ12,11,ET
STXB1,11,ET
BORG2,11,ET
ILF2,11,ET
CLH1,11,ET
DAG1,11,ET
DKK1,11,ET
UB2E2,11,ET
TCPZ.1,11,ET
CCN2,11,ET
GMPR1,11,ET
ITM2B.1,11,ET
PDPN,11,ET
PZRN3,11,ET
NOG2,11,ET
PCDG6.1,11,ET
AT1A,11,ET
DCTP1,11,ET
MK06,11,ET
HBEGF,11,ET
SACA4,11,ET
IDHP,11,ET
RADI,12,ET
CO8A1,12,ET
PRIC1,12,ET
EYA1,12,ET
FA49A,12,ET
OLM2B,12,ET
CHAD.1,12,ET
CATL1.2,12,ET
TWIST,12,ET
TGFR2,12,ET
LEG4,12,ET
BMP4,12,ET
LTBP3,12,ET
NPTN,12,ET
DPYL2,12,ET
PCOC2,12,ET
TMM47.1,12,ET
ANGL2.1,12,ET
VINC,12,ET
KCT2.1,12,ET
CD34,12,ET
ATS9,12,ET
CCN2.1,12,ET
NXN,12,ET
SHD,12,ET
CYTL1,12,ET
CD276.6,12,ET
PZRN4,12,ET
RHG24,12,ET
SO2A1,12,ET
PCD10.17,12,ET
TSP2,12,ET
TSP2.1,12,ET
BMP1,12,ET
TGFR1,12,ET
IF20A,12,ET
LAMB2,12,ET
SYNE1,12,ET
CDR2L,12,ET
CA198,12,ET
TIMP3,12,ET
MMP15,12,ET
GLO2,12,ET
PAXI.2,12,ET
TWST2.1,12,ET
CRIP2,12,ET
HECAM.1,12,ET
FMN2.1,12,ET
ITA5,12,ET
TRIL,12,ET
ACVR1,12,ET
EYA4,12,ET
PBX3,12,ET
SOX8,12,ET
IKIP,12,ET
PXDN,12,ET
PCDGI,12,ET
ANGP2.1,12,ET
CNN3.1,12,ET
GPX8B,12,ET
FA49B,12,ET
PTK7,12,ET
AGRA3,12,ET
MYADM.1,12,ET
AUTS2.1,12,ET
EMIL1,12,ET
ATOH8,12,ET
DLX2A,12,ET
CLIC4,12,ET
KIRR1,12,ET
TSP4.1,12,ET
FAT1.4,12,ET
PI42A,12,ET
EMIL3,12,ET
TASOR,12,ET
PGBM.1,12,ET
RASF8,12,ET
SLIT3,12,ET
GRDN,12,ET
F110B,12,ET
DLGP4,12,ET
MAP9.1,12,ET
RHG21.2,12,ET
PHLA3,12,ET
GPC5,12,ET
FBLN7.1,12,ET
RSPO3,12,ET
TSN4,12,ET
LMO3,12,ET
NALCN,12,ET
FBN2.4,12,ET
TPPC3,12,ET
MF13A.1,12,ET
PRIC2,12,ET
CXL14,12,ET
SCHI1,12,ET
PKD2,12,ET
NKD2,12,ET
CALD1.1,12,ET
FKB14,12,ET
LOL2B,12,ET
TTC28,12,ET
SCMH1.1,12,ET
HTRA3,12,ET
SGCE,12,ET
ANDR,12,ET
TMTC1,12,ET
GDF10,12,ET
CP087,12,ET
GGH,12,ET
SERPH.1,12,ET
PHLB2,12,ET
TENS3.1,12,ET
SUFU,12,ET
TMM88,12,ET
ENDOU,12,ET
EVA1B,12,ET
FZD1,12,ET
HMCN1.1,12,ET
PTX3,12,ET
IF3T,12,ET
RIPR2.2,12,ET
SMYD3,12,ET
OLM2A,12,ET
EMP2.1,12,ET
INAM2,12,ET
FSTL1,12,ET
LORF2.349,12,ET
IMPA3,12,ET
VEGFC,12,ET
RFTN1,12,ET
ALX4,12,ET
CBPZ,12,ET
CHSS2,12,ET
C1QT5,12,ET
CYBR1,12,ET
PICAL.1,12,ET
HYAS2,12,ET
HERC1.3,12,ET
SDC2,12,ET
CDO1.1,12,ET
DLX1,12,ET
CRLD1,12,ET
CRTAP,12,ET
DSE,12,ET
CNMD.1,12,ET
TFPI1,12,ET
SELPB,12,ET
RAI14.1,12,ET
RADI.1,12,ET
PKHG1,12,ET
LPAR1.1,12,ET
SURF4.1,12,ET
TPK1,12,ET
CODA1,12,ET
CUBN.3,12,ET
FYN,12,ET
1433G,12,ET
NANO1.1,12,ET
SH3K1,12,ET
KANK2,12,ET
CTF2.1,12,ET
DCX,12,ET
CR3L3.1,12,ET
TIMP2,12,ET
ITB1,12,ET
TCPG,12,ET
CHSTF,12,ET
ZN521,12,ET
SPRC,12,ET
SFRP2,12,ET
PGFRL,12,ET
PCOC2.1,12,ET
LRP12,12,ET
RSPO1,12,ET
CYTB,13,BHTB
ARF6.1,13,BHTB
VATH,13,BHTB
LORF2.417,13,BHTB
MSLN,13,BHTB
UD3A1,13,BHTB
REPS2,13,BHTB
FRIH,13,BHTB
OSGI1,13,BHTB
PAR2,13,BHTB
TTC22,13,BHTB
UCHL1,13,BHTB
H33,13,BHTB
A33.9,13,BHTB
ABLM3,13,BHTB
ERBB4,13,BHTB
DGAT2,13,BHTB
SDF2,13,BHTB
LEG8,13,BHTB
MFRN2,13,BHTB
UBIQP.1,13,BHTB
ASCL1.2,13,BHTB
CAH12,13,BHTB
CIP4,13,BHTB
SRXN1,13,BHTB
RIPK2,13,BHTB
HSP7C,13,BHTB
PROD,13,BHTB
UPAR.6,13,BHTB
GRHL2,13,BHTB
UD2A1.1,13,BHTB
CH25H,13,BHTB
TRI33,13,BHTB
ABCAD,13,BHTB
H10,13,BHTB
PCY2,13,BHTB
PCYOX,13,BHTB
UBB,13,BHTB
K2012,13,BHTB
TM128,13,BHTB
CADH1,13,BHTB
IKBA.1,13,BHTB
VS10L,13,BHTB
TF,13,BHTB
ETHE1.1,13,BHTB
CYGB2,13,BHTB
RASK.1,13,BHTB
NFYB,13,BHTB
B2L14,13,BHTB
HECAM.5,13,BHTB
SQSTM,13,BHTB
CO4A6.1,13,BHTB
KCC2G,13,BHTB
CL081,13,BHTB
PKHN1,13,BHTB
CXB3,13,BHTB
CSCL1,13,BHTB
HERP1,13,BHTB
CO4A1.2,13,BHTB
AHR.1,13,BHTB
AP2B.1,13,BHTB
1433T,13,BHTB
AR1BA,13,BHTB
POL.75,13,BHTB
LORF2.236,13,BHTB
NOS,13,BHTB
TRIPC,13,BHTB
WIPF3,13,BHTB
NCOR2.2,13,BHTB
FOXR1,13,BHTB
ISCU,13,BHTB
CTIP,13,BHTB
AT2A2,13,BHTB
TNAP3.1,13,BHTB
NIPA4,13,BHTB
LRC31,13,BHTB
AMC2,13,BHTB
MA1A1,13,BHTB
EPCAM,13,BHTB
AN32A,13,BHTB
GLSK,13,BHTB
BIRC1,13,BHTB
NO40,13,BHTB
CAD20,13,BHTB
PINK1,13,BHTB
HIF1A.1,13,BHTB
LNEBL,13,BHTB
RDHE2,13,BHTB
EZRI,13,BHTB
ERLN2.1,13,BHTB
KC1A,13,BHTB
CD9.2,13,BHTB
PON2,13,BHTB
SDC4,13,BHTB
ACT5,13,BHTB
UPP1,13,BHTB
TM45B.1,13,BHTB
SAM9L,13,BHTB
FLVC1,13,BHTB
TM263,13,BHTB
CYLD.1,13,BHTB
CAV2,13,BHTB
DHRS4,13,BHTB
TTC3.1,13,BHTB
SSU72,13,BHTB
CD166.1,13,BHTB
DGKB,13,BHTB
FLVC2,14,BHTB
FA83F,14,BHTB
TMG1,14,BHTB
STRBP,14,BHTB
YD021,14,BHTB
GRHL1,14,BHTB
MSLNL.2,14,BHTB
CD2AP.1,14,BHTB
RGS2.1,14,BHTB
TRI11.2,14,BHTB
IN35,14,BHTB
GRB2,14,BHTB
F107B.1,14,BHTB
GALT6,14,BHTB
BTBDA,14,BHTB
LBH,14,BHTB
GGACT,14,BHTB
LGMN.1,14,BHTB
SEM4F,14,BHTB
HHLA2.1,14,BHTB
GSTA,14,BHTB
LFG4,14,BHTB
TMPS4,14,BHTB
S6A14.1,14,BHTB
S39A4,14,BHTB
PKP2,14,BHTB
BCAS1,14,BHTB
CLD4.1,14,BHTB
MX3.1,14,BHTB
IRF1,14,BHTB
ADAM9.2,14,BHTB
H2AY,14,BHTB
ABCAD.1,14,BHTB
FA83E,14,BHTB
KCT2,14,BHTB
RAL,14,BHTB
PRUN2,14,BHTB
CXAR.1,14,BHTB
CAN15,14,BHTB
STC2,14,BHTB
GSHB,14,BHTB
CNFN,14,BHTB
KDF1,14,BHTB
ITA8.1,14,BHTB
GCNT3,14,BHTB
NF7O,14,BHTB
CMGA,14,BHTB
GNMT,14,BHTB
ADPRH,14,BHTB
RGF1A,14,BHTB
ASTRC,14,BHTB
MAL2,14,BHTB
NOS1,14,BHTB
PIPNB,14,BHTB
CO039,14,BHTB
FPS,14,BHTB
LRRC1,14,BHTB
ESYT2,14,BHTB
FRM4B,14,BHTB
IF44L.1,14,BHTB
RN223,14,BHTB
RFIP1,14,BHTB
ZN217,14,BHTB
MA2A1,14,BHTB
CLIC1,14,BHTB
GRT1A,14,BHTB
TALDO,14,BHTB
KPCE,14,BHTB
PTN18,14,BHTB
HA2D.1,14,BHTB
GGCT,14,BHTB
REL.1,14,BHTB
DGKQ,14,BHTB
ANO10.1,14,BHTB
RHOF.1,14,BHTB
PAQRB,14,BHTB
GALT7,14,BHTB
PGDH,14,BHTB
SWAHA.1,14,BHTB
TM86A.1,14,BHTB
RAB26,14,BHTB
CC50A,14,BHTB
BST1,14,BHTB
CAN5.1,14,BHTB
CAN5.2,14,BHTB
ST1A1,14,BHTB
PLAK,14,BHTB
DHE3,14,BHTB
PAK2,14,BHTB
Y8948,14,BHTB
Y5521,14,BHTB
HCK,14,BHTB
KCP3,14,BHTB
SORT.1,14,BHTB
RUFY4,14,BHTB
A33.28,14,BHTB
TMM79,14,BHTB
1433B,14,BHTB
DHB12,14,BHTB
GTR2,14,BHTB
ZN750,14,BHTB
ARC1A,14,BHTB
PINLY,14,BHTB
MET27.1,14,BHTB
LIMA1.2,14,BHTB
TAGL3,14,BHTB
I22R1,14,BHTB
TM182,14,BHTB
ZCHC4,14,BHTB
TM125.1,14,BHTB
TPC6B,14,BHTB
CHMP5,14,BHTB
UROM,14,BHTB
UN93B,14,BHTB
VATE1,14,BHTB
PTPRZ,14,BHTB
ACM3,14,BHTB
HMR1,14,BHTB
CXB6,14,BHTB
F16A1,14,BHTB
SOX14,14,BHTB
VPS4B,14,BHTB
MOT12.1,14,BHTB
MALD3,14,BHTB
ILDR1,14,BHTB
SEPT5,14,BHTB
IF,14,BHTB
GOGA7,14,BHTB
POGK.1,14,BHTB
S6A14.3,14,BHTB
NF7B.4,14,BHTB
GA45A,14,BHTB
TMPS9,14,BHTB
S22AN,14,BHTB
PACER,14,BHTB
GP155,14,BHTB
RN128,14,BHTB
PERT,14,BHTB
TSCOT.1,14,BHTB
MEDAG,14,BHTB
VTCN1.1,14,BHTB
RAB5C,14,BHTB
MYOME,14,BHTB
MSLNL.3,14,BHTB
MAFK.1,14,BHTB
FAM3C,14,BHTB
A33.18,14,BHTB
TNFA.1,14,BHTB
TPRGL.2,14,BHTB
OLFM4.1,14,BHTB
STBD1,14,BHTB
EKI1.1,14,BHTB
GRK6.1,14,BHTB
ALDOB,14,BHTB
KCC2D,14,BHTB
LRRF2.1,14,BHTB
RBM47,14,BHTB
PTBP3,14,BHTB
ARLY,14,BHTB
CTL4,14,BHTB
A33.1,14,BHTB
SMOC1,14,BHTB
I20RA.1,14,BHTB
S35A3,14,BHTB
ADA28,14,BHTB
DEGS2,14,BHTB
TWF2.1,14,BHTB
MAP7,14,BHTB
IP3KB.2,14,BHTB
SFT2B,14,BHTB
OXDD,14,BHTB
RT4I1,14,BHTB
LIN1.13,14,BHTB
TMM62,14,BHTB
TMPSD,14,BHTB
ANXA2.1,14,BHTB
MYD88,14,BHTB
AGR2,14,BHTB
PURA2,14,BHTB
EX3L2,14,BHTB
HMR1.5,14,BHTB
HECA2.3,14,BHTB
S47A2,14,BHTB
LNX1,14,BHTB
GCNT2,14,BHTB
RPH3L,14,BHTB
RUN3B,14,BHTB
SARG,14,BHTB
TKT,14,BHTB
IL4RA,14,BHTB
VGLL1,14,BHTB
TNF10.1,14,BHTB
RN225,14,BHTB
TSN13,14,BHTB
A4GCT.2,14,BHTB
MAGI1,14,BHTB
CLD23,14,BHTB
TAC2N,14,BHTB
AIFM2,14,BHTB
FGF1,14,BHTB
ELF3,14,BHTB
ELF3.1,14,BHTB
RCN2,14,BHTB
IRF6,14,BHTB
BIRC2.1,14,BHTB
DOXA2,14,BHTB
HDGR3,14,BHTB
STYK1,14,BHTB
PKN2.1,14,BHTB
LRC19,14,BHTB
MAPK2,14,BHTB
STA10,14,BHTB
HOOK1,14,BHTB
NAL12.2,14,BHTB
SYNC,14,BHTB
DAZP2,14,BHTB
TF28.3,14,BHTB
TMM52,14,BHTB
MYO5C,14,BHTB
I10R2,14,BHTB
CRBG3,14,BHTB
CXB7,14,BHTB
GNAQ,14,BHTB
LMO7,14,BHTB
I13R1,14,BHTB
SCUB3.1,14,BHTB
LGAT1,14,BHTB
GBB1,14,BHTB
PHC1,14,BHTB
RHOG.1,14,BHTB
PRDX6,14,BHTB
K132L,14,BHTB
RHG40,14,BHTB
FA53A.1,14,BHTB
S26A4.1,14,BHTB
MAL.1,14,BHTB
FXDC2,14,BHTB
UBP47,14,BHTB
ST1C2.1,14,BHTB
ATF4,14,BHTB
ZC12A,14,BHTB
CD276.10,14,BHTB
RHPN2,14,BHTB
VTA1,14,BHTB
RAB37,14,BHTB
PKP3,14,BHTB
MOV10,14,BHTB
PREY,14,BHTB
UPK1B,14,BHTB
PAR6B.1,14,BHTB
OSBL2,14,BHTB
ALKMO,14,BHTB
FRY,14,BHTB
RDH12.2,14,BHTB
CD276,14,BHTB
K1C19,14,BHTB
ASCL1,14,BHTB
PAR14.5,14,BHTB
STX2.1,14,BHTB
UPK2,14,BHTB
PARM1,14,BHTB
MB12A,14,BHTB
HEM1,14,BHTB
PARP3,14,BHTB
CD166,14,BHTB
VAMP8,14,BHTB
TPRGL,14,BHTB
PGDH.3,14,BHTB
ZDH20,14,BHTB
EHBP1,14,BHTB
C2C4C,14,BHTB
BICL2,14,BHTB
SETD3,14,BHTB
TPD54,14,BHTB
LGR4,14,BHTB
BICL1,14,BHTB
RB11A,14,BHTB
GDPD5,14,BHTB
BT1A1.2,14,BHTB
SL9A2,14,BHTB
STX19,14,BHTB
EPDR1,14,BHTB
DEN2D,14,BHTB
MLKL,14,BHTB
ASSY,14,BHTB
MGT4B,14,BHTB
RHG29,14,BHTB
GALK1,14,BHTB
ZO2.1,14,BHTB
GNA14,14,BHTB
F102A.1,14,BHTB
I20RA,14,BHTB
ORN,14,BHTB
SGPP2.1,14,BHTB
L2GL2,14,BHTB
S38AA.1,14,BHTB
P2RY1.2,14,BHTB
GPV,14,BHTB
LTOR5,14,BHTB
XCT,14,BHTB
CAR14,14,BHTB
PR15L,14,BHTB
AP3D1,14,BHTB
MX3.4,14,BHTB
UBL3.1,14,BHTB
GTR1,14,BHTB
IN80C,14,BHTB
KPCD,14,BHTB
RBGP1.2,14,BHTB
SCLY,14,BHTB
GPC6A.3,14,BHTB
LRMP.2,14,BHTB
SC6A7,14,BHTB
MALD3.1,14,BHTB
SDCB1,14,BHTB
SYTL2.2,14,BHTB
CBL,14,BHTB
SCEL,14,BHTB
WSB2,14,BHTB
PNPO,14,BHTB
ZN687,15,BHTB
TSN5.1,15,BHTB
ERRFI,15,BHTB
CNKR3,15,BHTB
P3C2B.1,15,BHTB
RB40B,15,BHTB
AT2C2,15,BHTB
AGAP1.1,15,BHTB
DNSL3.1,15,BHTB
EMX1,15,BHTB
ZFY27,15,BHTB
NF7B.2,15,BHTB
TMC6,15,BHTB
A33.19,15,BHTB
CD276.3,15,BHTB
SSUH2.2,15,BHTB
RN112.1,15,BHTB
SQOR,15,BHTB
TM238.2,15,BHTB
GP132,15,BHTB
VASP,15,BHTB
MPPD1,15,BHTB
CBS,15,BHTB
BLNK,15,BHTB
CHM1B,15,BHTB
PSB8.1,15,BHTB
SAHHA,15,BHTB
MYLK,15,BHTB
HOIL1,15,BHTB
LGMN,15,BHTB
PEBP4.1,15,BHTB
RERE.1,15,BHTB
ERO1A,15,BHTB
ANX11,15,BHTB
NTF4,15,BHTB
RENBP,15,BHTB
TMED1,15,BHTB
CTDS1,15,BHTB
ST1C2,15,BHTB
UCP2,15,BHTB
WASC4,15,BHTB
M4K5.1,15,BHTB
MILK2,15,BHTB
TPSN,15,BHTB
TRI17,15,BHTB
BCL6.1,15,BHTB
ST38L,15,BHTB
A33.17,15,BHTB
PARG,15,BHTB
BT2A1.2,15,BHTB
SPHK2,15,BHTB
OGR1,15,BHTB
IL8.4,15,BHTB
PSME1,15,BHTB
BTG2,15,BHTB
MANS1,15,BHTB
HECA2.1,15,BHTB
TISB,15,BHTB
PNKP,15,BHTB
IRF6.1,15,BHTB
CREST,15,BHTB
PKHS1,15,BHTB
TESK2.1,15,BHTB
RHBT1,15,BHTB
M3K5,15,BHTB
TSN33.1,15,BHTB
GTR12,15,BHTB
DNMBP.2,15,BHTB
CMPK2,15,BHTB
FOXJ2,15,BHTB
VRK3,15,BHTB
KANK1.1,15,BHTB
ZC11A,15,BHTB
IER5L,15,BHTB
CAN8,15,BHTB
DHX32,15,BHTB
CCL25,15,BHTB
RB8NL,15,BHTB
PARPT.1,15,BHTB
FLOWR,15,BHTB
TBCD4,15,BHTB
PCY1A,15,BHTB
FKBP5,15,BHTB
DDX58,15,BHTB
UBP25,15,BHTB
TIAM1,15,BHTB
IRF2,15,BHTB
T53I1.1,15,BHTB
ARY2.1,15,BHTB
SCAM3,15,BHTB
GP157,15,BHTB
RSAD2,15,BHTB
MFS12,15,BHTB
SKIT8,15,BHTB
SCMC3,15,BHTB
HINT2,15,BHTB
STXA,15,BHTB
ATS3,16,ET
PTH1R,16,ET
KIME,16,ET
CE170,16,ET
HXK1,16,ET
DAPK2.1,16,ET
PCD18.1,16,ET
GPAT4,16,ET
CAHZ,16,ET
EMIL2,16,ET
GXLT2,16,ET
SRR,16,ET
TSP3,16,ET
SAHH3.1,16,ET
ZIC4,16,ET
POC1B,16,ET
DIXC1,16,ET
STT3A,16,ET
SMO,16,ET
DAB2,16,ET
FBLN2,16,ET
ENOX1,16,ET
COPT1,16,ET
TUTL,16,ET
NANO3,16,ET
SSRA,16,ET
XYLT2.1,16,ET
DNJB2,16,ET
RBBP9,16,ET
ECM2.1,16,ET
LRP6,16,ET
DACT1,16,ET
RHG31,16,ET
TM263.1,16,ET
BMP7,16,ET
MDGA1,16,ET
NRX2B,16,ET
CDV3,16,ET
PCD18,16,ET
SPRE1,16,ET
INO1B,16,ET
S2548,16,ET
TRAM2,16,ET
FKB10,16,ET
MMP16,16,ET
WBP2.1,16,ET
PTPRD.1,16,ET
AL1L2,16,ET
ALAT2,16,ET
CYH2.1,16,ET
CD9.1,16,ET
CRTAP.1,16,ET
EFNA3,16,ET
RRBP1.2,16,ET
CNPY2,16,ET
KAPCB,16,ET
NNTM,16,ET
B3GLT,16,ET
CHST2,16,ET
CX6B1,16,ET
WNT6,16,ET
MRM2,16,ET
BGAL,16,ET
ERD23,16,ET
TKN1,16,ET
GP180,16,ET
P5CR1,16,ET
SSRG,16,ET
BAMBI.1,16,ET
TPOR,16,ET
TBL2,16,ET
NEB2,16,ET
CEA21.1,16,ET
NT5D1,16,ET
VKGC,16,ET
SEPT2.1,16,ET
NALD2,16,ET
FOLR2,16,ET
PSA7.1,16,ET
UN5BA,16,ET
CFA36,16,ET
GTR10,16,ET
LYPA1,16,ET
TSH3,16,ET
TMTC2,16,ET
CALX,16,ET
STON1,16,ET
SOBP,16,ET
TGFB2.1,16,ET
MXRA5,16,ET
EIF1B,16,ET
SEC62,16,ET
RERG,16,ET
IGS10,16,ET
TWF2,16,ET
NEXMI,16,ET
FKBP7,16,ET
N2F1A,16,ET
PRDX4,16,ET
MEMO1,16,ET
CALU,16,ET
QSOX2,16,ET
FBN2.2,16,ET
RM01,16,ET
CKAP4,16,ET
D19L1,16,ET
EFNB1,16,ET
ANXA5,16,ET
KCTD8,16,ET
ITB5,16,ET
LIPL,16,ET
MRC2,16,ET
LDHB,16,ET
ZN511,16,ET
SC22B.1,16,ET
ZC4H2,16,ET
TPP2,16,ET
A1BG,16,ET
IQEC1,16,ET
OLFM,16,ET
PGGHG,16,ET
WISP1,16,ET
CKLF7,16,ET
HS12B,16,ET
BGH3,16,ET
B4GN3,16,ET
AP3B2,16,ET
SPR1B,16,ET
FACE1,16,ET
GNL3L,16,ET
MEF2C.1,16,ET
FKBP9,16,ET
PRDM5,16,ET
IF5A1,16,ET
RUNX2,16,ET
FSCN1,16,ET
IGS21,16,ET
FKB11,16,ET
CTHR1,16,ET
ASPH2.1,16,ET
SAP3,16,ET
RFOX1,16,ET
CCDC3.1,16,ET
PMEPA,16,ET
PLOD1,16,ET
PEDF,16,ET
FNDC1.1,16,ET
FA92A,16,ET
FBN2.1,16,ET
ZN383.4,16,ET
DVL3,16,ET
KCD15,17,ET
PA2BA,17,ET
SREC2,17,ET
FA5.1,17,ET
TIMP3.1,17,ET
EFNA5,17,ET
VAFNB,17,ET
AKT1,17,ET
DLX3,17,ET
EGR2B,17,ET
NAPEP,17,ET
SGPL1,17,ET
SMAD6.1,17,ET
TLN2,17,ET
PP16B,17,ET
HECA2.7,17,ET
SL9B2,17,ET
LAMP1.1,17,ET
RGF1B,17,ET
KLH25,17,ET
CAMP2.1,17,ET
Z385B,17,ET
CAPG,17,ET
MAML2,17,ET
SEM3E,17,ET
ATS14,17,ET
S20A2,17,ET
CLUS,17,ET
COHA1,17,ET
PRDM1,17,ET
CHSS3,17,ET
MAFB,17,ET
GIT2,17,ET
RAB38,17,ET
SP7,17,ET
PDGFA,17,ET
KANK4,17,ET
RTJK.11,17,ET
TENA.1,17,ET
LPAR4,17,ET
SC31A.1,17,ET
EIPR1,17,ET
CDN1B,17,ET
GLNA.1,17,ET
GFRA1,17,ET
B3A2.1,17,ET
TGFB1,17,ET
CANX.2,17,ET
PLIN2,17,ET
NEO1,17,ET
CADH2,17,ET
IF4A2,17,ET
HOX71,17,ET
RAB12,17,ET
HYCCI,17,ET
HNRPU.3,17,ET
CD276.1,17,ET
PXYP1,17,ET
DLX4B,17,ET
RUNX1,17,ET
IF4G1,17,ET
ITA1,17,ET
SCOT1,17,ET
EGR3,17,ET
SCRB2,17,ET
ATLA1,17,ET
BCL6,17,ET
GABT,17,ET
TRI25.4,17,ET
HAND2,17,ET
CLIP2.1,17,ET
PLOD3,17,ET
R152B,17,ET
SMAD7,17,ET
TPD53,17,ET
ADSV,17,ET
GA45B,17,ET
FGD1,17,ET
ID2,17,ET
RALY,17,ET
ANKHB,17,ET
PLPR1,17,ET
MYOME.1,17,ET
HMCS1,17,ET
THOP1,17,ET
B3GT5,17,ET
KLF4,17,ET
ANPRC,17,ET
RIMB2,17,ET
WNT5A,17,ET
IBPL1,17,ET
FA20C,17,ET
NIPS1,17,ET
TSN7,17,ET
BAMBI,17,ET
TMED3,17,ET
COAA1.2,17,ET
AKAP1,17,ET
SYNRG.1,17,ET
RIPL1.1,17,ET
RCAN2,17,ET
HDDC2,17,ET
S15A1.1,17,ET
S22A5.3,17,ET
FA20A,17,ET
TMM65,17,ET
COAA1.3,17,ET
SEM4B.2,17,ET
IRX2,17,ET
GLI3,17,ET
RTN1,17,ET
LMNA,17,ET
BMP2.1,17,ET
T178A,17,ET
DLX5,17,ET
DLX4,17,ET
LOXL4,17,ET
CEIP2.1,17,ET
LMF2,17,ET
ITA10,17,ET
TRPS1,17,ET
MA7D1,17,ET
VW5B2,17,ET
TRIM2.1,17,ET
TUFT1,17,ET
HPRT.2,17,ET
AATM,17,ET
RASA3,17,ET
NET1,17,ET
LAMB3,17,ET
ACSL1,17,ET
YRDC,17,ET
ITA8,17,ET
FZ10A,17,ET
JAG1,17,ET
SC6A6,17,ET
PEA15,17,ET
WNK2,17,ET
PITC1,17,ET
RHOB.1,17,ET
PKH4B.2,17,ET
LYST.1,17,ET
COOA1,17,ET
PPBT,17,ET
CYT.1,17,ET
CYT.2,17,ET
FXRD2,18,LT
ATL5,18,LT
PAQR6,18,LT
MDFIC.1,18,LT
GRIA1.2,18,LT
COFA1,18,LT
DLX6,18,LT
TSG6,18,LT
R4RL1,18,LT
NTRK2,18,LT
VWF,18,LT
FIBIN,18,LT
ANGL1,18,LT
GSC,18,LT
APLP.1,18,LT
HPSE2,18,LT
CAVN1,18,LT
PBMU2.17,18,LT
SEM3C,18,LT
FACR1,18,LT
S1PR2,18,LT
TF28.6,18,LT
PKR2,18,LT
AGRD1,18,LT
TETN.1,18,LT
ELN,18,LT
CO6A6.1,18,LT
CO5A2,18,LT
TLN1,18,LT
DTX2,18,LT
PDGFD,18,LT
PI2R,18,LT
FINC,18,LT
NDRG1,18,LT
CO5A1,18,LT
AVT,18,LT
PTX3.1,18,LT
NBL1,18,LT
PDLI1,18,LT
B3GN7,18,LT
VISTA,18,LT
MB211,18,LT
CRHBP,18,LT
THSD4.1,18,LT
VEGFD,18,LT
GT251,18,LT
ZN227.15,18,LT
NB5R3,18,LT
FMNL2,18,LT
ALX1,18,LT
SSPN,18,LT
KAD1,19,TTJ
KS6A3,19,TTJ
CP8B1,19,TTJ
ST14,19,TTJ
TGM2.5,19,TTJ
ST14.2,19,TTJ
TMG4.1,19,TTJ
CF089,19,TTJ
POL.7,19,TTJ
F200A.3,19,TTJ
IQGA1.1,19,TTJ
F177A,19,TTJ
GALE,19,TTJ
ST1C1,19,TTJ
MOT7,19,TTJ
PLCE,19,TTJ
C356,19,TTJ
MVP,19,TTJ
SNP23,19,TTJ
GSH0,19,TTJ
OCLN.2,19,TTJ
ITPK1,19,TTJ
CRBG2,19,TTJ
TIP,19,TTJ
NEK1,19,TTJ
IEX1,19,TTJ
CHP1,19,TTJ
KLC1.2,19,TTJ
ES8L1,19,TTJ
RIN2,19,TTJ
BCAT1,19,TTJ
SERC5,19,TTJ
TMCC3,19,TTJ
CAN9,19,TTJ
RFT2.1,19,TTJ
CD276.11,19,TTJ
C99L2.1,19,TTJ
UPK3B,19,TTJ
NLRP3.21,19,TTJ
ZO2,19,TTJ
BI2L1,19,TTJ
IL17D,19,TTJ
B3GN3,19,TTJ
ADA12.2,19,TTJ
GCP60,19,TTJ
GALT3.1,19,TTJ
ESRP2,19,TTJ
CLH1.1,19,TTJ
VILI,19,TTJ
TM144.1,19,TTJ
SPRY7,19,TTJ
GAN,19,TTJ
TNF10.2,19,TTJ
TYRO3,19,TTJ
ERO1B,19,TTJ
JAM1,19,TTJ
ACK1,19,TTJ
GORS1,19,TTJ
HXK2,19,TTJ
PEPL,19,TTJ
ELF1,19,TTJ
GPCP1,19,TTJ
BAIP2.2,19,TTJ
ANXA7,19,TTJ
CAN2,19,TTJ
SDC1,19,TTJ
ICAL,19,TTJ
ARF3,19,TTJ
6PGD,19,TTJ
MICA2,19,TTJ
GLNA,19,TTJ
CHPT1,19,TTJ
TGM2.1,19,TTJ
OVOL1.1,19,TTJ
SPP24.5,19,TTJ
SERC1.1,19,TTJ
ES8L2,19,TTJ
CLD7,19,TTJ
EVPL,19,TTJ
ACER1,19,TTJ
OGDHL,19,TTJ
CLCA.1,19,TTJ
PIRT,19,TTJ
LORF2.398,19,TTJ
KCNK1.1,19,TTJ
S17A9,19,TTJ
HBEGF.1,19,TTJ
IL8.3,19,TTJ
PNPH,19,TTJ
FUT2.1,19,TTJ
IFIT5.4,19,TTJ
SRGP3.1,19,TTJ
TNR5.2,19,TTJ
HUMMR,19,TTJ
FA83B,19,TTJ
ACSL4,19,TTJ
ESRP1,19,TTJ
VATL,19,TTJ
CD63,19,TTJ
YV023,19,TTJ
CCD68,19,TTJ
IFT1B,19,TTJ
AT8B1.1,19,TTJ
HIP1R,19,TTJ
CAD17,19,TTJ
NEUL1,19,TTJ
AQP3,19,TTJ
ACTB.1,19,TTJ
ESYT3,19,TTJ
AP2A.1,19,TTJ
AKD1B,19,TTJ
ZRAN1,19,TTJ
CK052,19,TTJ
ELOV6,19,TTJ
KLF4.1,19,TTJ
GRN.1,19,TTJ
ANKK1,19,TTJ
ZN208.1,19,TTJ
CANT1,19,TTJ
GRN,19,TTJ
ADCY2.1,19,TTJ
UPAR.1,19,TTJ
HEXB,19,TTJ
LORF2.21,19,TTJ
S14L2,19,TTJ
DUS5,19,TTJ
PRSS8,19,TTJ
2A5E,19,TTJ
GLCM,19,TTJ
ARAF,19,TTJ
CXB4,19,TTJ
NPDC1,19,TTJ
TLC3B,19,TTJ
ZZEF1,19,TTJ
TSN36,19,TTJ
TPM4,19,TTJ
LORF2.220,19,TTJ
TNIP1.1,19,TTJ
G6PD,19,TTJ
GMDS,19,TTJ
MSLNL,19,TTJ
FUCT1,19,TTJ
ZBT7B,19,TTJ
GLSK.1,19,TTJ
AVID,19,TTJ
CYH1,19,TTJ
AP1G1.2,19,TTJ
KAT3,19,TTJ
RASEF.1,19,TTJ
LYPA2,19,TTJ
CHMP3,19,TTJ
CPNS1,19,TTJ
SAM9L.1,19,TTJ
RIN1,19,TTJ
LORF2.195,19,TTJ
LRBA,19,TTJ
TXTPB,19,TTJ
IFFO2,19,TTJ
OVOL2,19,TTJ
PE2R4.2,19,TTJ
CP4FN,19,TTJ
NTAN1,19,TTJ
TM1L2.1,19,TTJ
LAMP3,19,TTJ
AL1A3,19,TTJ
ANKK1.2,19,TTJ
JUN.2,19,TTJ
ADAP2,19,TTJ
FRRS1.1,19,TTJ
CEBPB,19,TTJ
CAPS2,19,TTJ
FOXQ1,19,TTJ
RHOB,19,TTJ
MICU1,19,TTJ
MUC18.2,19,TTJ
TRI11,19,TTJ
MFSD1,19,TTJ
MUC16.2,19,TTJ
MUC16.3,19,TTJ
CASC4,19,TTJ
GSTO1,19,TTJ
TM131,19,TTJ
TTC13,19,TTJ
NF2L2,19,TTJ
NCF1,19,TTJ
AP2A,19,TTJ
SPTC2,19,TTJ
CAP1,19,TTJ
ELOV7,19,TTJ
CEAM6,19,TTJ
B4GT2,19,TTJ
MUC15,19,TTJ
T53I1,19,TTJ
COF2,20,TTJ
OTC,20,TTJ
GRHL3,20,TTJ
ITPI2,20,TTJ
IKZF2,20,TTJ
FXL16,20,TTJ
GLT12,20,TTJ
BT1A1.1,20,TTJ
EPN4,20,TTJ
SPT20,20,TTJ
MCF2L,20,TTJ
PTPS,20,TTJ
COX42,20,TTJ
CY561,20,TTJ
MF13A,20,TTJ
ALDR,20,TTJ
MUC16.1,20,TTJ
AGRE2,20,TTJ
K1C5,20,TTJ
S35B3,20,TTJ
ACOX2,20,TTJ
MPZL3,20,TTJ
IF4E3,20,TTJ
PEG3,20,TTJ
CHP3,20,TTJ
AT2C1,20,TTJ
S43A3.2,20,TTJ
YM012.2,20,TTJ
KMT2D.2,20,TTJ
THIO.1,20,TTJ
GPC6,20,TTJ
CDC42.1,20,TTJ
CXAR,20,TTJ
HA19.1,20,TTJ
TDR15.1,20,TTJ
GALT2,20,TTJ
KMT2D.4,20,TTJ
BSL1.1,20,TTJ
GMPBB,20,TTJ
AGRG2,20,TTJ
CALR.1,20,TTJ
SRMS,20,TTJ
AHNK.10,20,TTJ
VTC1A,20,TTJ
HA19,20,TTJ
ANXA4,20,TTJ
LITAF.1,20,TTJ
IST1,20,TTJ
RCOR1,20,TTJ
RBM7,20,TTJ
OAS3,20,TTJ
NALP5,20,TTJ
NIBA2,20,TTJ
ALDH2,20,TTJ
CDS1,20,TTJ
PIR,20,TTJ
EIF1B.1,20,TTJ
ST17B,20,TTJ
M1IP1,20,TTJ
HEBP1,20,TTJ
ACT2,20,TTJ
K0232.1,20,TTJ
SMAP2,20,TTJ
RPGP2,20,TTJ
DCE2,20,TTJ
GLPK5,20,TTJ
CPAS1.1,20,TTJ
CHAC2,20,TTJ
RBM43,20,TTJ
PML.3,20,TTJ
HACE1,20,TTJ
MUC4,20,TTJ
ECHD2,20,TTJ
LMBRL,20,TTJ
GCSH,20,TTJ
F111A,20,TTJ
SC23B,20,TTJ
UAP1,20,TTJ
NLRP3.9,20,TTJ
IDHC,20,TTJ
MYO6,20,TTJ
NECP2,20,TTJ
PACN3.1,21,ET
PXDC1,21,ET
SYDE2.1,21,ET
AMPN.3,21,ET
LMAN1,21,ET
PXDN.1,21,ET
CSPG4.1,21,ET
UGDH,21,ET
RELN,21,ET
CO6A1,21,ET
RTN4R,21,ET
FGD4,21,ET
TPBG,21,ET
BIN1,21,ET
SOL1,21,ET
WAP,21,ET
NDNF.3,21,ET
LEPR,21,ET
PCD16,21,ET
EFMT3,21,ET
SYBU,21,ET
SIX2,21,ET
INF2,21,ET
PRDM8.1,21,ET
EFNA5.1,21,ET
SOSD1,21,ET
CO1A2.3,21,ET
CO1A2.4,21,ET
ZEB2,21,ET
LRC17,21,ET
RIN3,21,ET
TSP1,21,ET
RSU1,21,ET
CHST3,21,ET
GLT15,21,ET
DYHC1.1,21,ET
CLC10,21,ET
COLA1,21,ET
F180A.1,21,ET
GSDME,21,ET
RUNX3,21,ET
QPCT,21,ET
F180A,21,ET
GPC5.1,21,ET
SCAR3,21,ET
CRA1B,21,ET
ATS17,21,ET
MMP2,21,ET
SGCD,21,ET
SC24D,21,ET
ACKR3,21,ET
CRLD2,21,ET
E41L3,21,ET
E41L3.1,21,ET
PRS35,21,ET
SPD2B,21,ET
GOLI4,21,ET
CO1A1,21,ET
ARHGP,21,ET
YLAT1,21,ET
PLD1,21,ET
CAD11,21,ET
CD276.2,21,ET
IF4G2,21,ET
SERPH,21,ET
ANTR1,21,ET
VSTM4,21,ET
GPR54.1,21,ET
TM119,21,ET
SURF4,21,ET
DOCK5,21,ET
MYO10.1,21,ET
RASM,21,ET
TEFF2,21,ET
PGS2,21,ET
CO4A1,21,ET
TTLL7,21,ET
PCD10.5,21,ET
PIEZ2.1,21,ET
ANTR1.1,21,ET
KCTD3,21,ET
5NTC,21,ET
SIA7F,21,ET
CCD80,21,ET
PEBB,21,ET
HS3SB.1,21,ET
CASL,21,ET
FAK1,21,ET
PCSK5.1,21,ET
MXRA8,21,ET
IRX5,21,ET
IDH3G,21,ET
P4HA1,21,ET
ANKF1.1,21,ET
ROBO2,21,ET
ZNT4,21,ET
TSK,21,ET
ILK,21,ET
AA1R,21,ET
COAA1.1,21,ET
SRC8,21,ET
ASIP,21,ET
LYOX,21,ET
5NTD,21,ET
SIAE,21,ET
C1QT1.2,21,ET
KI26B,21,ET
CO6A3.6,21,ET
VIGLN.1,21,ET
RCN1,21,ET
PLEC.3,21,ET
ATS1,21,ET
GL8D2,21,ET
SH2D5,21,ET
NLRX1.3,21,ET
AUGN,21,ET
TENA.3,21,ET
CPXM2.1,21,ET
HIPL1,21,ET
TNAP2,21,ET
CO6A2,21,ET
TET5C,21,ET
S39AD,21,ET
F151A,21,ET
TENS,21,ET
RUSC2,21,ET
CP26B,21,ET
PCD10.3,21,ET
MB212,21,ET
SEM7A,21,ET
ADA12.1,21,ET
SMOX,21,ET
DDR2.2,21,ET
ACTZ,21,ET
PLA2R,21,ET
WNT5B,21,ET
P3H1,21,ET
KCNJ8.1,21,ET
KAZD1,21,ET
GLRK,21,ET
CO8A2,21,ET
MMP23,21,ET
MCAT.2,21,ET
SRPX2,21,ET
NUCB2.1,21,ET
CO6A3.7,21,ET
PLXA3,21,ET
DSPP,21,ET
RAB3I.1,21,ET
LARGN,21,ET
MAMC2,21,ET
NETR,21,ET
BMP5,21,ET
BMPER,21,ET
SPRC.1,21,ET
OFD1,21,ET
LORF2.135,22,LT
RARG,22,LT
ITB3,22,LT
F111A.2,22,LT
PPGB,22,LT
MMP14,22,LT
MMP20,22,LT
ENP1,22,LT
DCBD1,22,LT
BPI.1,22,LT
MP2K1,22,LT
ABCA1,22,LT
MOT1,22,LT
MAP7.1,22,LT
MYLIP,22,LT
SPP24,22,LT
MYC1,22,LT
NLS1,22,LT
RHG10,22,LT
SNX31,22,LT
CANX,22,LT
RHG15,22,LT
ARGAL,22,LT
HEP2,22,LT
FLOT2,22,LT
A33.21,22,LT
RBGP1,22,LT
PINLY.1,22,LT
UPAR.2,22,LT
ACSF2,22,LT
GRDN.1,22,LT
MA7D2,22,LT
CBPD,22,LT
APOEB,22,LT
ADAM8,22,LT
LYRIC.1,22,LT
CEBPA,22,LT
C43BP,22,LT
MMP13,22,LT
BMP3,22,LT
BDH.1,22,LT
RGCC.1,22,LT
RFIP5,22,LT
MUC2L,22,LT
FADS2,22,LT
SPIR1,22,LT
DEGS2.1,22,LT
OTX5,22,LT
DNSL3,22,LT
UROL1,22,LT
PLCD,22,LT
DAF2.1,22,LT
STYK1.1,22,LT
GLT17,22,LT
UBP3,22,LT
TNR11,22,LT
PLEK2,22,LT
STXB2,22,LT
CHS1,22,LT
SCUB2,22,LT
UBP31,22,LT
DPTOR,22,LT
TRI25.6,22,LT
BCAR3.1,22,LT
TCO1.1,22,LT
TRAK1,22,LT
GELS,22,LT
FBH1,22,LT
MROH1.2,22,LT
MOB1B,22,LT
CSPG5,22,LT
LRP8,22,LT
GPHA2,22,LT
MAP1B,22,LT
IRX4,22,LT
ARL4C,22,LT
CD9,22,LT
S6A11,22,LT
AKP13,22,LT
USO1,22,LT
COAA1,22,LT
LOX5.2,22,LT
HEBP2.2,22,LT
ASAP2,22,LT
SEPP1,22,LT
TBB3.1,22,LT
IRX6,22,LT
ST17A,22,LT
CTL2,22,LT
GGH.1,22,LT
SHOT1,22,LT
AT132,22,LT
RLGPB,22,LT
ARHG7,22,LT
GPSM1,22,LT
DC1L2,22,LT
CASPE,22,LT
EMAL3,22,LT
CLD4,22,LT
JIP4,22,LT
PA2GX,22,LT
RB39B.1,22,LT
MAP1B.2,22,LT
TPP2.1,22,LT
LRAT,22,LT
TENS4,22,LT
ZN239.40,22,LT
FAS,22,LT
MBNL1,22,LT
BARX2,22,LT
SNX7,22,LT
SEM6D,22,LT
FXL22,22,LT
ASPN,22,LT
PDE4D,22,LT
TT39A.1,22,LT
LYG,22,LT
CEMIP,22,LT
MUC16,22,LT
PCP,22,LT
FUT9,22,LT
BMP7.1,22,LT
TBD2A,22,LT
MMP12,22,LT
SNX30,22,LT
SPP24.2,22,LT
SPP24.3,22,LT
LASP1,22,LT
MTDC,22,LT
ADAP1,22,LT
RFLB,22,LT
MMP3,22,LT
ITAV,22,LT
KLF8,22,LT
UPAR.3,22,LT
EMAL1.1,22,LT
DNER,22,LT
TM165,23,LT
ITPR2.1,23,LT
ARF6,23,LT
HIG1A,23,LT
AAK1.1,23,LT
MYOF.1,23,LT
BTD,23,LT
MDH,23,LT
ARHGJ,23,LT
F162B,23,LT
BNIP2,23,LT
EMX2,23,LT
AHNK.8,23,LT
RAC1.1,23,LT
SYTL5,23,LT
ELOV1,23,LT
PTN12,23,LT
CYTB.2,23,LT
SYT1.2,23,LT
NOS2,23,LT
S39AE,23,LT
TLCD1,23,LT
KIFC3,23,LT
EDSP,23,LT
GATM,23,LT
KCRB,23,LT
MK01,23,LT
ILK1,23,LT
CERS2,23,LT
ANXA4.1,23,LT
SBP2L,23,LT
CEAM5,23,LT
CPNE3,23,LT
TM9S2,23,LT
CAH4.1,23,LT
AT2L1,23,LT
T22D1,23,LT
AHNK.3,23,LT
PAWR,23,LT
PDLI2,23,LT
TSN1,23,LT
CSDC2,23,LT
NCALD,23,LT
LDLR1,23,LT
RAB7B,23,LT
PKP1,23,LT
RAI3,23,LT
STX11,23,LT
FAK2,23,LT
HTAI2,23,LT
DESP,23,LT
ING4,23,LT
OSTF1,23,LT
RN208,23,LT
MK12.1,23,LT
SGPP2,23,LT
K118B,23,LT
NIPA2.1,23,LT
GP160,23,LT
MAST4,23,LT
RAB6A,23,LT
RND2,23,LT
CYC,23,LT
AHNK.7,23,LT
AMPB,23,LT
LIAT1,23,LT
F166B,23,LT
SHRM2,23,LT
IL5RA,23,LT
NBEL1,23,LT
NKX23,23,LT
TRAF4,23,LT
AP1M1.1,23,LT
LFG3,23,LT
STK10,23,LT
PPM1D,23,LT
UPAR.4,23,LT
SYAC,23,LT
KALRN.1,23,LT
KINH,23,LT
TM9S3,23,LT
DOCK8,23,LT
PJVK,23,LT
GRB14,23,LT
RELL1,23,LT
RRAS2.1,23,LT
ALAT2.1,23,LT
CY24B.1,23,LT
B3GT5.1,23,LT
LPP60,23,LT
KEAP1,23,LT
AGRG6,23,LT
GNPAT,23,LT
KCRU,23,LT
DGAT1,23,LT
LEG9,23,LT
DSC3,23,LT
CPT1A,23,LT
K2C8,23,LT
TRI36,23,LT
MLP,23,LT
MPRAB,23,LT
CASP6,23,LT
AL2CL,23,LT
MCU,23,LT
TRI66,23,LT
SPTC3,24,BHTB
NEDD4,24,BHTB
FR1L4,24,BHTB
S2543,24,BHTB
PLLP,24,BHTB
ADAS,24,BHTB
RHCG,24,BHTB
FRK,24,BHTB
RB27A,24,BHTB
SIM29,24,BHTB
GRB7,24,BHTB
YM012.1,24,BHTB
STAP1,24,BHTB
ICA1L,24,BHTB
DGKE,24,BHTB
AP1S1,24,BHTB
SYNE2,24,BHTB
RNF38.1,24,BHTB
FUCO,24,BHTB
FUCO2,24,BHTB
DBNL,24,BHTB
TRIM7,24,BHTB
SORL,24,BHTB
CGL,24,BHTB
AP1M1,24,BHTB
RXRBA,24,BHTB
R144B,24,BHTB
LPAR5.1,24,BHTB
PGDH.2,24,BHTB
LIPB2,24,BHTB
SNG2,24,BHTB
PLCB3,24,BHTB
METL4,24,BHTB
HEXD.1,24,BHTB
ABHEB,24,BHTB
NLRP3.10,24,BHTB
RHG01,24,BHTB
IMPA3.1,24,BHTB
CHIA,24,BHTB
MACC1,24,BHTB
POL3.25,24,BHTB
PITC1.1,24,BHTB
SPIR2,24,BHTB
CD2AP,24,BHTB
CSAD,24,BHTB
G6PT2,24,BHTB
GOLM1,24,BHTB
VMA5A,24,BHTB
GCNT3.2,24,BHTB
ABCA3,24,BHTB
RAB7A.1,24,BHTB
PPM1H.2,24,BHTB
BIN3,24,BHTB
NLRP3.18,24,BHTB
GALT4,24,BHTB
ATP9A,24,BHTB
SIR2,24,BHTB
CPEB3,24,BHTB
ERBB4.1,24,BHTB
VTCN1,24,BHTB
PCKGM,24,BHTB
A33.2,24,BHTB
S12A8,24,BHTB
KPCD1,24,BHTB
BSPRY,24,BHTB
PTPRH,24,BHTB
GOLP3.1,24,BHTB
WDR11,24,BHTB
NADK,24,BHTB
S35A2,24,BHTB
A33.39,24,BHTB
F16P1,24,BHTB
DAA1A,24,BHTB
FGF13,24,BHTB
PK3CG.3,24,BHTB
SPIT1,24,BHTB
ACBG2,24,BHTB
PDCD4.2,24,BHTB
S15A1,24,BHTB
ICAL.1,24,BHTB
LPAR3,24,BHTB
CXB4.1,24,BHTB
CMTR2,24,BHTB
P2RX2,24,BHTB
MADD,24,BHTB
FBN2,24,BHTB
BCAS3,24,BHTB
KCNK1,24,BHTB
NUAK2,24,BHTB
LRRF2.3,24,BHTB
COQ8A.1,24,BHTB
LRP10,24,BHTB
TEAD3,24,BHTB
PTSS2,24,BHTB
OTOAN,24,BHTB
EPGN,24,BHTB
PHR4B,24,BHTB
GLSK.2,24,BHTB
CHM4B,24,BHTB
CRTC3,24,BHTB
NRAM1,24,BHTB
BT2A1.1,24,BHTB
SC5A8.2,24,BHTB
AT2A3,24,BHTB
UPAR,24,BHTB
MF6LB,24,BHTB
MPEG1,24,BHTB
CDO1,24,BHTB
PP1A,24,BHTB
OTX1B,24,BHTB
GA2L2.1,24,BHTB
DAPP1,24,BHTB
MRCKA,24,BHTB
HID1,24,BHTB
CDAC1,24,BHTB
SAMH1.1,24,BHTB
SUSD6,24,BHTB
KCD14,24,BHTB
MBP,24,BHTB
NIBA1.1,24,BHTB
RAB1A,24,BHTB
SC24C,24,BHTB
DIAP3,24,BHTB
KLF3,24,BHTB
K1671,24,BHTB
NBEL2,24,BHTB
SLF2,24,BHTB
AGRF5.6,24,BHTB
YM012.3,24,BHTB
GIPC1,24,BHTB
AGRIN,24,BHTB
GGT1,24,BHTB
MUC16.4,24,BHTB
BROX.1,24,BHTB
PLXA4,24,BHTB
PGTA,24,BHTB
FCL,24,BHTB
PRSR2,24,BHTB
EDN1,24,BHTB
TT39A,24,BHTB
ABCG2,24,BHTB
FYCO1.1,24,BHTB
GRM2A,24,BHTB
ZN112.23,25,BHTB
ESYT1,25,BHTB
STAT1,25,BHTB
PRAF1,25,BHTB
PDE2A,25,BHTB
VLDLR.1,25,BHTB
AHNK,25,BHTB
AHNK.1,25,BHTB
S66A3,25,BHTB
FA83C,25,BHTB
NPL,25,BHTB
TAF11,25,BHTB
STK40,25,BHTB
NAL12.4,25,BHTB
NAL12.6,25,BHTB
DSG2,25,BHTB
FGFR2,25,BHTB
CRUM3,25,BHTB
DDX6,25,BHTB
CENPF.1,25,BHTB
ASM,25,BHTB
ARAP2,25,BHTB
ACD10,25,BHTB
S27A2,25,BHTB
S45A3,25,BHTB
TFR1,25,BHTB
CD83.1,25,BHTB
AAAD,25,BHTB
SYTL1,25,BHTB
PLEC.4,25,BHTB
TBCD1,25,BHTB
FGFR3,25,BHTB
RDH12.1,25,BHTB
SIM14,25,BHTB
DSEL,25,BHTB
ECE1,25,BHTB
PAR12,25,BHTB
GOGA2,25,BHTB
MK14B,25,BHTB
SMAD3,25,BHTB
MFA3L.1,25,BHTB
F91A1,25,BHTB
ZN214.28,25,BHTB
LORF2.315,25,BHTB
NR3L1.3,25,BHTB
HEYL,25,BHTB
TGFR2.1,25,BHTB
ENPP4,25,BHTB
GGT5,25,BHTB
TRCG1,25,BHTB
CADM4,25,BHTB
PAR10,25,BHTB
SVIL,25,BHTB
